source,target
Alice,Bob
Alice,Carol
Alice,Grace
Bob,Dave
Bob,Eve
Carol,Dave
Carol,Frank
Dave,Eve
Eve,Frank
Frank,Grace
Iris,Hannah
Kevin,Paul
Eve,Alice
Dave,Julia
Paul,Wendy
Sara,Paul
Bella,Nina
Diana,Grace
Rachel,Kevin
Nina,Laura
Dave,Ivan
Zoe,Kevin
Tina,Vera
Tom,Jack
George,Bella
Chris,Dave
Mike,Diana
Eve,Henry
Xena,Oscar
George,Grace
Liam,Eve
Quinn,Laura
Xena,Liam
Wendy,Nina
Uma,Wendy
Zoe,Penny
Rachel,Victor
Yasmin,Bella
Hannah,Uma
Nina,Tina
Ray,Iris
Ethan,Aaron
Xander,Vera
Tom,Bob
Rachel,Noah
Dave,Ray
Nina,Dave
Eve,Yasmin
Iris,Aaron
Oscar,Aaron
Sam,Laura
Noah,Eve
George,Sara
Jack,Bob
Zoe,Iris
Oscar,Bella
Victor,Alice
Oscar,Yasmin
Uma,Eve
Iris,George
Tina,Dave
Sara,Yuki
Rachel,Yuki
Mia,Eve
Bob,Laura
Xander,Tom
Yuki,Laura
Jack,Kate
Mia,Jack
Yasmin,Quinn
Penny,Julia
Alice,Paul
Tina,Bella
Penny,Paul
Diana,Mia
Aaron,Dave
Julia,Ivan
Kate,Nina
Xena,Carol
Hannah,Quinn
Iris,Oscar
Sara,Grace
Zoe,Bob
Zoe,Yasmin
Fiona,Penny
Tina,Henry
Sara,Victor
Hannah,Sara
Bella,Xena
Eve,Jack
Liam,Hannah
Ray,Grace
Henry,Victor
Victor,Penny
Ivan,Xena
Will,Ivan
Wendy,Iris
Frank,Iris
Ivan,Zoe
Vera,Quinn
Aaron,Xena
Fiona,Henry
Zoe,Yuki
Kate,Kevin
Hannah,Aaron
Frank,Alice
Xander,Nina
Nina,Victor
Kate,Bob
Noah,Olivia
Tina,Oscar
Zoe,Grace
Laura,Bella
Xena,Victor
George,Vera
Tom,Frank
Mia,Noah
Jack,Aaron
Mike,Fiona
Mike,Hannah
Alice,Dave
Bob,Liam
Kevin,Diana
Diana,Dave
Henry,Bob
Tom,Iris
Bob,Rachel
Ivan,Alice
Kate,Laura
Bella,Julia
Victor,Xander
Xander,Olivia
Alice,Olivia
Chris,Vera
Noah,Grace
Sam,Grace
Chris,Yasmin
Victor,Carol
Sara,Jack
Jack,Wendy
Carol,Mia
Victor,Liam
Wendy,Alice
Bella,Mike
Julia,Grace
Will,Eve
Yasmin,Alice
Bob,Mike
Tina,Wendy
Carol,Jack
Bella,Henry
Nina,Xena
Alice,Oscar
Chris,Kate
Olivia,Laura
Oscar,Uma
Henry,Uma
Penny,Yasmin
George,Victor
Tina,Noah
Tom,Kate
Ray,Laura
Carol,Diana
Paul,Bella
Carol,Paul
Yuki,Carol
Olivia,Ivan
Fiona,Oscar
Carol,Ivan
Nina,Will
Bob,Sara
Alice,Mia
Hannah,Xander
Alice,Diana
Zoe,Rachel
Ethan,Nina
Chris,Noah
Diana,Xander
Fiona,Yuki
Penny,Laura
Noah,Tom
Yuki,Alice
Penny,Mia
Julia,Noah
Jack,Frank
Yasmin,Yuki
Xena,Bob
Henry,Yasmin
Ethan,Xander
Wendy,Bob
Ivan,Penny
Julia,Sam
Aaron,Ray
Oscar,Mike
Bella,Tom
Frank,Ethan
Jack,Fiona
Henry,Noah
Tina,Frank
Noah,Wendy
